Variable,Importancia_media
Unnamed: 24_level_0 CrsPA_against,0.07133333333333333
Team Success PPM_for,0.05847610565759426
Unnamed: 3_level_0 Att_for,0.05181441573601564
Touches Def Pen_against,0.05149310813739361
Corner Kicks Out_against,0.051333333333333335
Blocks Sh_against,0.04899490567442976
